<configuration scan="true" scanPeriod="10 seconds" debug="false">
   
    <springProfile name="default, prod"><!-- no date, ansi colored, no file -->
        <!-- switch from long to short debug log -->
        <property name="PATTERN" value="%d{HH:mm:ss.SSS} [%X{user}] %highlight(%-5level) %highlight(%48.48logger) - %msg%n" />
    </springProfile>
    <springProfile name="jenkins"><!-- date, no color, no file -->
        <property name="PATTERN" value="%d{dd.MM.yyyy HH:mm:ss.SSS} [%X{user}] [%thread] %-5level %logger{36} - %msg%n" />
    </springProfile>
    <springProfile name=""><!-- no color but file -->
        <property name="PATTERN" value="%d{dd.MM.yyyy HH:mm:ss.SSS} [%X{user}] [%thread] %-5level %logger{36} - %msg%n" />
        <property name="LOGFILE" value="workshop" />
    </springProfile>

    
    <appender name="STDOUT" class="ch.qos.logback.core.ConsoleAppender">
        <encoder>
            <pattern>${PATTERN}</pattern>
        </encoder>
    </appender>

    <springProfile name=""><!-- no color but file -->
        <appender name="FILE" class="ch.qos.logback.core.rolling.RollingFileAppender">
            <file>${LOGFILE}.log</file>
            <rollingPolicy class="ch.qos.logback.core.rolling.TimeBasedRollingPolicy">
                <!-- daily rollover -->
                <fileNamePattern>${LOGFILE}_%d{yyyy-MM-dd}.log
                </fileNamePattern>
                <maxHistory>30</maxHistory>
            </rollingPolicy>
            <encoder>
                <pattern>${PATTERN}</pattern>
            </encoder>
        </appender>
    </springProfile>
    
    <!-- für alle die nicht explizit unten als logger definiert sind, gilt dieses log level -->
    <root level="INFO">
        <springProfile name="default, jenkins, prod">
            <appender-ref ref="STDOUT" />
        </springProfile>
        <springProfile name="">
            <appender-ref ref="FILE" />
        </springProfile>
    </root>

    <logger name="de.todo42" level="debug" />
<!--     <logger name="org.hibernate.type" level="trace" /> -->

    
<!--     <logger name="org.springframework.boot" level="debug" /> -->
<!--     <logger name="org.springframework.beans.factory.support" level="debug" /> -->
<!--     <logger name="org.springframework.core.io.support" level="debug" /> -->
<!--     <logger name="org.springframework.data" level="debug" /> -->
<!--     <logger name="org.springframework.jndi" level="debug" /> -->
<!--     <logger name="org.springframework.orm" level="debug" /> -->
     <logger name="org.springframework.security" level="debug" />
<!--     <logger name="org.springframework.test" level="debug" /> -->
<!--     <logger name="org.springframework.transaction" level="debug" /> -->
     <logger name="org.springframework.web" level="debug" />

    <!--      used by the admin server client -->
<!--      <logger name="org.springframework.web.client.RestTemplate" level="warn" /> -->
<!--      <logger name="org.springframework.web.filter.CommonsRequestLoggingFilter" level="debug" /> -->

</configuration>